Supplier Name,Supplier Reference,Active Products on Viator,Total Products Fetched,Sample Product Codes,FareHarbor Match Status,FareHarbor Shortname,FareHarbor Verified Items Count,Notes / Strategic Assessment for WNO
"Gray Line New Orleans","SUPPLIER-AIVIONkKdK8JLCRg2obcyw==","21","21","3780STEAMDIN; 3780STEAM; 3780P45; 3780SWPL","both-confirmed","neworleanssteamboatcompany","15","Confirmed on both: 18 active Viator tours, 15 FareHarbor items configured on shortname 'neworleanssteamboatcompany'."
"Louisiana Tour company","SUPPLIER-8uzrrU87wFWL6UuPGaaAkw==","14","14","15200P5; 15200P6; 15200P7; 15200P4","viator-only","","0","Live on Viator; not configured in current FareHarbor inventory."
"Haunted History Tours","SUPPLIER-xe2YbZ42ogLOrNtIzC5ybg==","10","10","3252P9; 3252_1; 3252P5; 3252P11","viator-only","","0","Live on Viator; not configured in current FareHarbor inventory."
"New Orleans Ghost Adventures","SUPPLIER-47KZT6ihrq1jS9v+gTOO6A==","6","6","24382P16; 24382P6; 24382P3; 24382P7","viator-only","","0","Live on Viator; not configured in current FareHarbor inventory."
"Basin St. Station","SUPPLIER-LHawVLZ6Xvy//cF9Y0JEKQ==","4","4","60593P4; 60593P3; 60593P2; 60593P1","viator-only","","0","Live on Viator; not configured in current FareHarbor inventory."
"New Orleans Paddlewheels Inc.","SUPPLIER-HDHqlDdA6BooDyAZ8Jnt1w==","5","5","88100P3; 88100P1; 88100P4; 88100P10","viator-only","","0","Live on Viator; not configured in current FareHarbor inventory."
"Tours by Isabelle","SUPPLIER-/SCgQegRelYc02enrvEGfg==","11","11","2292AIRBOAT; 2292GRAND; 2292ADEAST; 2292NOCET","viator-only","","0","Live on Viator; not configured in current FareHarbor inventory."
"Cajun Encounters Tour Co.","SUPPLIER-Ls68Tv9wCH9YKPX1YdQD0g==","7","7","6953SWAMPTRANS; 6953P16; 6953SWAMP; 6953P8","possible-match-needs-review","","0","Major New Orleans operator with 5 active Viator tours (including Honey Island Swamp); NO active FareHarbor items or flows configured in repository."
"Audubon Nature Institute Inc.","SUPPLIER-hh2Rlyj99zddvHino4J2GA==","3","3","424316P2; 424316P3; 424316P1","viator-only","","0","Live on Viator; not configured in current FareHarbor inventory."
"Royal Carriages","SUPPLIER-GFEZgDj16HUVM/uVIs0KjQ==","3","3","33024P6; 33024P8; 33024P7","viator-only","","0","Live on Viator; not configured in current FareHarbor inventory."
"New Orleans School of Cooking","SUPPLIER-SQYKtDbUF9Tqhlbx1NW9wQ==","3","3","3108P2; 3108LUNCH; 3108P5","viator-only","","0","Live on Viator; not configured in current FareHarbor inventory."
"Doctor Gumbo Tours","SUPPLIER-uhTuEGs0R00a22vvRVDMHg==","3","3","6484NOLAFOOD; 6484P3; 6484FRQCK","viator-only","","0","Live on Viator; not configured in current FareHarbor inventory."
"2nd Line Tours/Experience","SUPPLIER-s/jb9NZYcqhzTEP+NcQ6oA==","6","6","325289P1; 325289P3; 325289P8; 325289P7","viator-only","","0","Live on Viator; not configured in current FareHarbor inventory."
"Jazzy Limousine & Shuttle","SUPPLIER-9eIcJZth3v0zt7mD8ieSrQ==","7","7","132425P2; 132425P5; 132425P3; 132425P7","viator-only","","0","Live on Viator; not configured in current FareHarbor inventory."
"Treme Luxury Experience","SUPPLIER-KHkYeUkYk3seOTqxWFq8lQ==","5","5","186622P6; 186622P5; 186622P2; 186622P1","viator-only","","0","Live on Viator; not configured in current FareHarbor inventory."
"New Orleans Aerial Tours & Flight Training","SUPPLIER-oS/CtoUPSHXzMhVfTvS7iA==","5","5","6201EASYNIGHT; 6201BIGEASY; 6201AVIATOR; 6201CHOCOCHAMP","viator-only","","0","Live on Viator; not configured in current FareHarbor inventory."
"Witches Brew Tours","SUPPLIER-O7HfB6f8jsdGQRyiBv89ZQ==","9","9","5889GHOST; 5889P11; 5889P17; 5889P16","viator-only","","0","Live on Viator; not configured in current FareHarbor inventory."
"Airboat Adventures","SUPPLIER-7eNlteakiwgCVdiaT3VQkg==","3","3","6455NOLAAIR; 6455P7; 6455P6","viator-only","","0","Live on Viator; not configured in current FareHarbor inventory."
"Destination Kitchen","SUPPLIER-5Q+tEMqLTG5mM2OnOIZUCQ==","10","10","6205FOODNOLA; 6205P7; 6205P19; 6205P23","viator-only","","0","Live on Viator; not configured in current FareHarbor inventory."
"NOLA GhostRiders","SUPPLIER-ODu+cYHhAXmF5xbqwDTQ2A==","9","9","64332P4; 64332P13; 64332P7; 64332P10","viator-only","","0","Live on Viator; not configured in current FareHarbor inventory."
"The Mardi Gras School of Cooking","SUPPLIER-UI+RJAdC/w4dcpajZI4kxQ==","3","3","64703P2; 64703P5; 64703P3","viator-only","","0","Live on Viator; not configured in current FareHarbor inventory."
"Intrepid Urban Adventures - USA","SUPPLIER-HR5/EUMEl2FTKjfmNTvqlw==","4","4","5713P92; 5713P96; 5713P152; 5713P195","viator-only","","0","Live on Viator; not configured in current FareHarbor inventory."
"CRESCENT CITY TOURS & TRANSPORTATION","SUPPLIER-ilr8RSd3kTRWaxU31m2p7Q==","8","8","126578P15; 126578P8; 126578P9; 126578P10","viator-only","","0","Live on Viator; not configured in current FareHarbor inventory."
"Lucky Bean Tours","SUPPLIER-9pIPxXJK9NHEBCl78l0GMw==","3","3","52219P1; 52219P2; 52219P17","viator-only","","0","Live on Viator; not configured in current FareHarbor inventory."
"National WWII Museum","SUPPLIER-60xRCBAuyNE13v/wuWU8LA==","3","3","6211WWII; 6211P10; 6211P15","viator-only","","0","Live on Viator; not configured in current FareHarbor inventory."
"Southern Style Tours and Transportation","SUPPLIER-bpdSmVMe+hjx77C93xRvhw==","4","4","8013P1; 8013P8; 8013P12; 8013P3","both-confirmed","southernstyletours","4","Confirmed on both: 3 active Viator tours, 4 FareHarbor items configured on shortname 'southernstyletours' (Item 51942, 83002, 51953)."
"K's Luxury Transportation and Tours","SUPPLIER-dQUtYDI9OHYaAR3vfMtJFw==","4","4","457527P2; 457527P4; 457527P1; 457527P3","viator-only","","0","Live on Viator; not configured in current FareHarbor inventory."
"French Quarter Phantoms","SUPPLIER-wblk3oxrTXZD/Riq4/5vBg==","6","6","7957P2; 7957P18; 7957P10; 7957P4","viator-only","","0","Live on Viator; not configured in current FareHarbor inventory."
"Unique NOLA","SUPPLIER-yeL4oePg1WmcZId9AOTguw==","10","10","49992P13; 49992P3; 49992P4; 49992P10","viator-only","","0","Live on Viator; not configured in current FareHarbor inventory."
"Beauty Photoshoot New Orleans","SUPPLIER-cqlyTTCI6cUq8x5dKYctqg==","4","4","117890P2; 117890P3; 117890P6; 117890P14","viator-only","","0","Live on Viator; not configured in current FareHarbor inventory."
"Big Easy Walking Tours","SUPPLIER-M1DStTinwJpSoe1ZR6VcjA==","5","5","66984P1; 66984P3; 66984P5; 66984P4","viator-only","","0","Live on Viator; not configured in current FareHarbor inventory."
"Ragin Cajun Swamp Tours, LLC","SUPPLIER-MMapcC0R+BSJH6rxktuBiQ==","3","3","360446P1; 360446P3; 360446P7","both-confirmed","ragincajuntours","4","Confirmed on both: 1 active Viator tour, 4 FareHarbor items/flows configured on shortname 'ragincajuntours' (Item 590176, 603090, Flow 940162)."
"Hottest Hell Tours - Adults Only","SUPPLIER-capbir9Rey9vQ3F5w0nO2Q==","3","3","175552P1; 175552P7; 175552P6","viator-only","","0","Live on Viator; not configured in current FareHarbor inventory."
"City Sightseeing Ltd - USA and Middle East","SUPPLIER-HXu8YufbT9ClIPgc4sbujA==","1","1","5694NOHOHO","viator-only","","0","Live on Viator; not configured in current FareHarbor inventory."
"Zip NOLA","SUPPLIER-4wQ7zoWU1VnjeTuQWoIdRA==","2","2","310145P1; 310145P2","viator-only","","0","Live on Viator; not configured in current FareHarbor inventory."
"Legendary Tours INC","SUPPLIER-kGNFyuOmz8pCC8XPGO1Vvg==","4","4","68135P2; 68135P4; 68135P3; 68135P11","viator-only","","0","Live on Viator; not configured in current FareHarbor inventory."
"New Orleans Spirits & Spells Tours","SUPPLIER-qFpewfuwFZJu1+lVTMWHCg==","1","1","100477P2","viator-only","","0","Live on Viator; not configured in current FareHarbor inventory."
"Adventures of Jean Lafitte","SUPPLIER-d0fZimpIBEdgQzMQsvejVg==","1","1","273720P1","viator-only","","0","Live on Viator; not configured in current FareHarbor inventory."
"Celebration Tours","SUPPLIER-x6T5039ICMp9LnFM5HRo4Q==","2","2","44599P1; 44599P4","viator-only","","0","Live on Viator; not configured in current FareHarbor inventory."
"Court of Two Sisters Restaurant","SUPPLIER-c70EDuHzoR6gD+5BtxEang==","2","2","3728LUNCH; 3728P1","viator-only","","0","Live on Viator; not configured in current FareHarbor inventory."
"VIP City Tours","SUPPLIER-E5vQw867wQhAqQpFhgEMmg==","2","2","107495P1; 107495P2","viator-only","","0","Live on Viator; not configured in current FareHarbor inventory."
"Streets Of Sin True Crime, Dark History, and Haunted Tours of New Orleans","SUPPLIER-IJXF6J5Fwaa8VwcpVPQ5Rg==","2","2","370424P1; 370424P2","viator-only","","0","Live on Viator; not configured in current FareHarbor inventory."
"Museum of Illusions New Orleans","SUPPLIER-D1qIj0N1VjuPfbEOhhGnqg==","1","1","5649577P1","viator-only","","0","Live on Viator; not configured in current FareHarbor inventory."
"Nola Detours","SUPPLIER-8/mcq6VF/wbkee27HoTFzw==","6","6","87311P5; 87311P1; 87311P6; 87311P8","viator-only","","0","Live on Viator; not configured in current FareHarbor inventory."
"Tastebud Tours","SUPPLIER-7x6XbaFYUtRX2E87lmg9EQ==","3","3","15225P8; 15225P13; 15225P15","viator-only","","0","Live on Viator; not configured in current FareHarbor inventory."
"New Orleans Paranormal Society","SUPPLIER-4FN7quz/HGCeYzzAbwniWw==","2","2","249247P1; 249247P4","viator-only","","0","Live on Viator; not configured in current FareHarbor inventory."
"Nola Pedal Barge - Swamp Tour Party Boat","SUPPLIER-pDqoMn1eTIhkfmD79uk+rw==","1","1","218142P1","viator-only","","0","Live on Viator; not configured in current FareHarbor inventory."
"New Orleans Secrets Tours","SUPPLIER-O4vUi32/voXAoLkcd+Q9YQ==","8","8","58762P5; 58762P8; 58762P3; 58762P6","viator-only","","0","Live on Viator; not configured in current FareHarbor inventory."
"DuPont and Company","SUPPLIER-mtOjTpeAgjupEokgIPG3CQ==","9","9","400627P3; 400627P2; 400627P9; 400627P6","viator-only","","0","Live on Viator; not configured in current FareHarbor inventory."
"Shrimp Boil Cabaret","SUPPLIER-MlgZhNWgeZW4z7cmUKQ0FA==","3","3","135145P1; 135145P8; 135145P7","viator-only","","0","Live on Viator; not configured in current FareHarbor inventory."
"Wild Louisiana Tours LLC","SUPPLIER-D5iY3BRdJJRg5iWmc/rV/g==","1","1","64338P1","viator-only","","0","Live on Viator; not configured in current FareHarbor inventory."
"Nola Soul Food Tours","SUPPLIER-yw3kL/5n+WI/PuAOzZTu5w==","1","1","443499P2","viator-only","","0","Live on Viator; not configured in current FareHarbor inventory."
"Wicked History Tours","SUPPLIER-Lj5LUkKrTfZ33oFoSrMOcQ==","2","2","358869P1; 358869P5","viator-only","","0","Live on Viator; not configured in current FareHarbor inventory."
"MSY Limousine","SUPPLIER-icWSEErQjQU0QXGNLHzEgw==","1","1","406449P1","viator-only","","0","Live on Viator; not configured in current FareHarbor inventory."
"Burton Transit","SUPPLIER-xwFIo9eM8RvIQMxkxlOx6g==","17","17","73172P3; 73172P53; 73172P42; 73172P9","viator-only","","0","Live on Viator; not configured in current FareHarbor inventory."
"Taste of Nawlins Culinary History Tour","SUPPLIER-obN5bzQDuW5TKqyUC4kzwQ==","5","5","21752P6; 21752P1; 21752P8; 21752P4","viator-only","","0","Live on Viator; not configured in current FareHarbor inventory."
"Underground Donut Tour","SUPPLIER-/cAZCbBky+iEds80WkJsBg==","1","1","15064P13","viator-only","","0","Live on Viator; not configured in current FareHarbor inventory."
"""La Vie"" New Orleans Private Tours","SUPPLIER-EEM0IQkbzxRJ93wqAnA81Q==","5","5","155886P1; 155886P4; 155886P6; 155886P2","viator-only","","0","Live on Viator; not configured in current FareHarbor inventory."
"You've Got A Buddy Tours","SUPPLIER-FnoALA+doJMEEMpnZicdYQ==","1","1","462194P1","viator-only","","0","Live on Viator; not configured in current FareHarbor inventory."
"Segway Tours New Orleans","SUPPLIER-1Od+/BOtL/vtQcdhPnxxaQ==","2","2","5598314P6; 5598314P12","viator-only","","0","Live on Viator; not configured in current FareHarbor inventory."
"Guydeez","SUPPLIER-sPPmofdYs9yf+NKIMof/kQ==","3","3","104357P628; 104357P678; 104357P48","viator-only","","0","Live on Viator; not configured in current FareHarbor inventory."
"NOLA Tours","SUPPLIER-xm4ocQq84RNzOXu3ufD1oA==","4","4","52202P1; 52202P2; 52202P8; 52202P6","viator-only","","0","Live on Viator; not configured in current FareHarbor inventory."
"NOLA CAR SERVICE","SUPPLIER-1prsOoWInBRSIHW9FblpKA==","2","2","275994P1; 275994P2","viator-only","","0","Live on Viator; not configured in current FareHarbor inventory."
"New Orleans Drunk History Tours • Show Me New Orleans Tours","SUPPLIER-hqWPcDmLjss0qH0WgTLHdQ==","30","30","9349P29; 9349P46; 9349P23; 9349P4","viator-only","","0","Live on Viator; not configured in current FareHarbor inventory."
"Create Your Own Perfume / Cologne","SUPPLIER-BHnpu3xRdppDGYlfiVbaPQ==","1","1","374069P1","viator-only","","0","Live on Viator; not configured in current FareHarbor inventory."
"Crawl New Orleans","SUPPLIER-eX9c/HLpHysUU+n85Jl2vw==","4","4","136094P9; 136094P3; 136094P1; 136094P8","viator-only","","0","Live on Viator; not configured in current FareHarbor inventory."
"Destrehan Plantation","SUPPLIER-WzqBlzTb/36FEezQNhB09Q==","3","3","115274P1; 115274P4; 115274P3","viator-only","","0","Live on Viator; not configured in current FareHarbor inventory."
"Psychic Medium Marie","SUPPLIER-LfihGGvW5PSTplHxSwRtzA==","2","2","427591P1; 427591P2","viator-only","","0","Live on Viator; not configured in current FareHarbor inventory."
"Houmas House Plantation and Gardens","SUPPLIER-m8WGg0BNUz1jyRC8AqbZoQ==","2","2","6643PLANT; 6643P1","viator-only","","0","Live on Viator; not configured in current FareHarbor inventory."
"Party Bike Ride","SUPPLIER-P3GvQDHhN30B+dpmDk3dtg==","1","1","65766P2","viator-only","","0","Live on Viator; not configured in current FareHarbor inventory."
"Supreme Lane","SUPPLIER-Vu0W+UZe35W/2cw29ss36Q==","2","2","5545628P1; 5545628P2","viator-only","","0","Live on Viator; not configured in current FareHarbor inventory."
"Paved Paradise Bike Tours New Orleans","SUPPLIER-SGC+lICLwqvkJUFkwkB+yw==","5","5","276551P5; 276551P2; 276551P3; 276551P1","viator-only","","0","Live on Viator; not configured in current FareHarbor inventory."
"Rover RSD LLC.  Transportation Services","SUPPLIER-mDzcGLk4SzdRrVki47kBig==","3","3","338595P1; 338595P5; 338595P23","viator-only","","0","Live on Viator; not configured in current FareHarbor inventory."
"Historic New Orleans Tours","SUPPLIER-7U27aBkvcZeoF5aUwIl72g==","6","6","6830P3; 6830NOLAWALK; 6830P11; 6830P10","viator-only","","0","Live on Viator; not configured in current FareHarbor inventory."
"VoiceMap Audio Tours","SUPPLIER-Eg8GuOnVczaVY9VcVmDxhg==","8","8","110804P808; 110804P645; 110804P59; 110804P58","viator-only","","0","Live on Viator; not configured in current FareHarbor inventory."
"Ghost City Tours in New Orleans","SUPPLIER-XMwDS1u0Ojq5ha9f4CIqmA==","4","4","24048P2; 24048P5; 24048P3; 24048P1","viator-only","","0","Live on Viator; not configured in current FareHarbor inventory."
"New Orleans Kayak Swamp Tours","SUPPLIER-CN3etwHlngDFw8ce4fY4dQ==","4","4","22050P2; 22050P3; 22050P4; 22050P8","viator-only","","0","Live on Viator; not configured in current FareHarbor inventory."
"Buzz Nola Tours","SUPPLIER-k6DMCUJHSgN5TGOag+MgeQ==","3","3","57954P4; 57954P2; 57954P3","viator-only","","0","Live on Viator; not configured in current FareHarbor inventory."
"Questo","SUPPLIER-3Cg9l6wA7TIL5vwdjq5Sew==","4","4","107194P176; 107194P645; 107194P63; 107194P152","viator-only","","0","Live on Viator; not configured in current FareHarbor inventory."
"Tour Patron","SUPPLIER-y7JpoiXLJ2Q7urH718MXiA==","3","3","5589833P1; 5589833P3; 5589833P7","viator-only","","0","Live on Viator; not configured in current FareHarbor inventory."
"Cajun Pride Swamp Tours","SUPPLIER-ah695t/3pUZ5JxgMe0brVQ==","4","4","141126P1; 141126P4; 141126P2; 141126P3","viator-only","","0","Live on Viator; not configured in current FareHarbor inventory."
"Tours By NOLA - New Orleans Local Artists","SUPPLIER-xWuyzCDktOlBLkIDWT0ntQ==","4","4","365523P4; 365523P2; 365523P3; 365523P1","viator-only","","0","Live on Viator; not configured in current FareHarbor inventory."
"Beyond The French Quarter","SUPPLIER-Lsu8IqeHUTVNt2kfAqqgNQ==","4","4","5631565P7; 5631565P8; 5631565P2; 5631565P5","viator-only","","0","Live on Viator; not configured in current FareHarbor inventory."
"Spectral City Tours","SUPPLIER-dAzOHf+DKLrMYB8gVkrQxQ==","6","6","59529P10; 59529P2; 59529P1; 59529P5","viator-only","","0","Live on Viator; not configured in current FareHarbor inventory."
"Pirates of the Quarter Tours","SUPPLIER-ceIVBU8MHm0XFEMwJiHE9Q==","2","2","102024P3; 102024P5","viator-only","","0","Live on Viator; not configured in current FareHarbor inventory."
"New Orleans Ghosts By Us Ghost Adventures","SUPPLIER-XXSuSoEzftk2tmlRErvgaA==","4","4","67615P1; 67615P3; 67615P4; 67615P5","viator-only","","0","Live on Viator; not configured in current FareHarbor inventory."
"Anansi's Daughters","SUPPLIER-iCy0BKyT8RKSaKKJ20rb1A==","3","3","353780P1; 353780P2; 353780P5","viator-only","","0","Live on Viator; not configured in current FareHarbor inventory."
"Red Sash Tours","SUPPLIER-wYuwdu3FRCAHCo5NKM1TZg==","3","3","327929P2; 327929P1; 327929P4","viator-only","","0","Live on Viator; not configured in current FareHarbor inventory."
"Tours by Foot New Orleans","SUPPLIER-9EY+OO+RYW1BahARS7jMww==","3","3","221483P4; 221483P3; 221483P1","viator-only","","0","Live on Viator; not configured in current FareHarbor inventory."
"NOLA Historic Tours","SUPPLIER-EtS6oxZIwlAU4H0NE19TzQ==","2","2","289336P3; 289336P6","viator-only","","0","Live on Viator; not configured in current FareHarbor inventory."
"A Street Tour Named Desire","SUPPLIER-rT6P4cqUML4UI5gUQi6oDw==","3","3","5503458P1; 5503458P4; 5503458P5","viator-only","","0","Live on Viator; not configured in current FareHarbor inventory."
"Hermann-Grima House","SUPPLIER-3xWPYDk/CTMsw4za6JuFHg==","2","2","177156P1; 177156P2","viator-only","","0","Live on Viator; not configured in current FareHarbor inventory."
"Short Tours NOLA","SUPPLIER-og/aJXIuw34f0/lOLXB9xg==","2","2","446253P2; 446253P1","viator-only","","0","Live on Viator; not configured in current FareHarbor inventory."
"Culinary Backstreets","SUPPLIER-b7ZSMUAam7gwSHglkjzpOg==","1","1","5589711P15","viator-only","","0","Live on Viator; not configured in current FareHarbor inventory."
"New Orleans Native Tours - Day Tours","SUPPLIER-SgX3D4rsmw0dGDd9S+Sm/g==","2","2","8924P1; 8924P4","viator-only","","0","Live on Viator; not configured in current FareHarbor inventory."
"Bon Moment NOLA","SUPPLIER-gRRUIHgjTtascOF8c9jcxw==","5","5","91161P3; 91161P2; 91161P6; 91161P5","viator-only","","0","Live on Viator; not configured in current FareHarbor inventory."
"Two Chicks Walking Tours","SUPPLIER-yPrhbDGjGigB+pO0K76f5w==","4","4","7632P3; 7632P1; 7632P2; 7632P14","viator-only","","0","Live on Viator; not configured in current FareHarbor inventory."
"Travel Curious","SUPPLIER-8t95a5TDQCjWIEcoS7Se+g==","2","2","255730P272; 255730P273","viator-only","","0","Live on Viator; not configured in current FareHarbor inventory."
"Flambeaux Bicycle Tours","SUPPLIER-XRJK8q5b43rHmXCy/j9GCQ==","2","2","58347P1; 58347P2","viator-only","","0","Live on Viator; not configured in current FareHarbor inventory."
"Gulf Coast Eco Tour","SUPPLIER-vayNpovIOuPCLNFEcONQMA==","1","1","380141P3","viator-only","","0","Live on Viator; not configured in current FareHarbor inventory."
"Hollywood South Tours","SUPPLIER-0iYl6zkgZA8deRtDkbNYtg==","2","2","366065P2; 366065P3","viator-only","","0","Live on Viator; not configured in current FareHarbor inventory."
"Bloody Mary's  Tours","SUPPLIER-6Np3bwZuRlrwYaPggxnk0Q==","2","2","155186P11; 155186P1","viator-only","","0","Live on Viator; not configured in current FareHarbor inventory."
"Alert transportation llc","SUPPLIER-/2RTuUvUfkfoIySgh1/Ngg==","10","10","13179P2; 13179P12; 13179P16; 13179P5","viator-only","","0","Live on Viator; not configured in current FareHarbor inventory."
"Mad Cat Tours New Orleans","SUPPLIER-7JtVasBfrX7GN0TY99vOmQ==","2","2","413205P2; 413205P1","viator-only","","0","Live on Viator; not configured in current FareHarbor inventory."
"The Escape Game New Orleans","SUPPLIER-oqXzidm4/S0jw2nBAkDNhw==","1","1","158350P8","viator-only","","0","Live on Viator; not configured in current FareHarbor inventory."
"Junket: New Orleans Tours and Premium Experiences","SUPPLIER-ado9WJUcCJbGTHzB5YzRpQ==","1","1","358168P1","viator-only","","0","Live on Viator; not configured in current FareHarbor inventory."
"Nola-Transportaion","SUPPLIER-nn/UZzns6kChDqIe/00Okg==","1","1","5609039P1","viator-only","","0","Live on Viator; not configured in current FareHarbor inventory."
"Need A Ride Pedicabs","SUPPLIER-/VTlU+hK9Kruvnfv/3ksFQ==","1","1","118324P1","viator-only","","0","Live on Viator; not configured in current FareHarbor inventory."
"Friends of the Cabildo","SUPPLIER-F/pMCSZc8+oL8qkvVTrm7w==","4","4","44093P2; 44093P4; 44093P7; 44093P5","viator-only","","0","Live on Viator; not configured in current FareHarbor inventory."
"Jonathan Weiss Tours","SUPPLIER-wIuE11WwW8bCRd104uu0mw==","2","2","258973P1; 258973P2","viator-only","","0","Live on Viator; not configured in current FareHarbor inventory."
"NOLA Art Walk","SUPPLIER-HSTNc9SnsAa9ZCEDqWYgsg==","1","1","114521P1","viator-only","","0","Live on Viator; not configured in current FareHarbor inventory."
"Tour Orleans","SUPPLIER-QzUaTzlKSdn2hQZii8zaLQ==","1","1","118708P8","viator-only","","0","Live on Viator; not configured in current FareHarbor inventory."
"Brown Flavor Tours LLC","SUPPLIER-QoOcJSKN3NyigLyFzBXkCQ==","2","2","5534700P1; 5534700P2","viator-only","","0","Live on Viator; not configured in current FareHarbor inventory."
"New Orleans Storyville Museum","SUPPLIER-1Zf6FONH2mVz2Agno0Re6g==","2","2","5516600P1; 5516600P4","viator-only","","0","Live on Viator; not configured in current FareHarbor inventory."
"Save Our Cemeteries","SUPPLIER-kuAocYpU7KmbmuNHcnu3vw==","4","4","120103P10; 120103P5; 120103P11; 120103P13","viator-only","","0","Live on Viator; not configured in current FareHarbor inventory."
"Go City | New Orleans","SUPPLIER-+IzR1g2JcxRkanul/JAPrQ==","1","1","76319P2","viator-only","","0","Live on Viator; not configured in current FareHarbor inventory."
"Dark Side Tours","SUPPLIER-C2zmUJe4s4acUm3YmTVKqg==","1","1","5580367P1","viator-only","","0","Live on Viator; not configured in current FareHarbor inventory."
"Spirit Empire Tours","SUPPLIER-L8upEnzkdMp8e0tNgJiX4g==","1","1","451976P1","viator-only","","0","Live on Viator; not configured in current FareHarbor inventory."
"St. Joseph Plantation","SUPPLIER-tvAXYU3Lcca1rs7r7zA/pA==","4","4","160476P5; 160476P4; 160476P1; 160476P3","viator-only","","0","Live on Viator; not configured in current FareHarbor inventory."
"Carmel Car & Limousine Service","SUPPLIER-Dnmt2di30LOU//r+mrs1OQ==","2","2","5423MSYAPTHTL_P; 5423MSYHTLAPT_P","viator-only","","0","Live on Viator; not configured in current FareHarbor inventory."
"French Quartour Kids","SUPPLIER-Q9P4D6J8Wex8I0LeN4gxwA==","4","4","56225P1; 56225P2; 56225P3; 56225P5","viator-only","","0","Live on Viator; not configured in current FareHarbor inventory."
"WalknTours","SUPPLIER-Y0oOqfFRe3mpVSBB9usiKg==","2","2","222222P14; 222222P39","viator-only","","0","Live on Viator; not configured in current FareHarbor inventory."
"SUPER CITY TOURS","SUPPLIER-VlU+BAevxwJBYAiUaj3LDA==","1","1","293286P2","viator-only","","0","Live on Viator; not configured in current FareHarbor inventory."
"Drives & Detours","SUPPLIER-mxC1RbhHhrsokVAZF9IJmQ==","1","1","403897P31","viator-only","","0","Live on Viator; not configured in current FareHarbor inventory."
"TouringBee","SUPPLIER-zfZ6peOozv/sTSU5AoJvhQ==","1","1","366784P155","viator-only","","0","Live on Viator; not configured in current FareHarbor inventory."
"Bywater Games","SUPPLIER-cUoac4M87Az6DS8uAgByzA==","1","1","5616926P1","viator-only","","0","Live on Viator; not configured in current FareHarbor inventory."
"Seven Three Distilling Co.","SUPPLIER-DxFEhJvk2whorhmlCgANtA==","1","1","218514P1","viator-only","","0","Live on Viator; not configured in current FareHarbor inventory."
"The Museum of the Southern Jewish Experience","SUPPLIER-+kq1yFoNfgiZezQH+/8lQg==","1","1","464685P1","viator-only","","0","Live on Viator; not configured in current FareHarbor inventory."
"NOLA's BIG 4 PRIVATE CITY TOUR - NO GHOST, ONLY FACTS!","SUPPLIER-DtukwupsikiZ0/R/eWNtyA==","1","1","112775P1","viator-only","","0","Live on Viator; not configured in current FareHarbor inventory."
"taxiGo.online - Booking Transfer & Taxi","SUPPLIER-pFSMm2f6cCQ4IYQ3VQIu7g==","10","10","128285P1388; 128285P1381; 128285P1383; 128285P1385","viator-only","","0","Live on Viator; not configured in current FareHarbor inventory."
"New York City Tours","SUPPLIER-76gDJ0qkOEv4nklj5Kpo0Q==","4","4","368349P413; 368349P414; 368349P412; 368349P411","viator-only","","0","Live on Viator; not configured in current FareHarbor inventory."
"Michaelas Private New Orleans Tours","SUPPLIER-vUQ7hVkaVBiGm1+ngXthGw==","6","6","70704P13; 70704P1; 70704P18; 70704P3","viator-only","","0","Live on Viator; not configured in current FareHarbor inventory."
"ROULE' TRANSPORTATION NEW ORLEANS' LIMOUSINE & SHUTTLE SERVICE","SUPPLIER-+xwOxOubQxP0SiMKhjdiqw==","4","4","391957P2; 391957P3; 391957P1; 391957P4","viator-only","","0","Live on Viator; not configured in current FareHarbor inventory."
"RHOMTRIP","SUPPLIER-XN12YGfFEjJv/of9iTxG6w==","7","7","40380P455; 40380P454; 40380P456; 40380P451","viator-only","","0","Live on Viator; not configured in current FareHarbor inventory."
"Soul of Nola","SUPPLIER-B/HpDvXRyC4CB0mIugFA8w==","5","5","201921P2; 201921P1; 201921P4; 201921P6","viator-only","","0","Live on Viator; not configured in current FareHarbor inventory."
"Nightly Spirits","SUPPLIER-LFLwjS5nAx649NkPw2b08A==","2","2","43154P29; 43154P25","viator-only","","0","Live on Viator; not configured in current FareHarbor inventory."
"Sidewalk Food Tours","SUPPLIER-hEBQ2hfZm8OCiEyftkY+uA==","2","2","6242P14; 6242P15","viator-only","","0","Live on Viator; not configured in current FareHarbor inventory."
"New Orleans Private Tours","SUPPLIER-Jl6/QXqExPDJ52AR+aUZvg==","5","5","19830P2; 19830P6; 19830P11; 19830P9","viator-only","","0","Live on Viator; not configured in current FareHarbor inventory."
"Withlocals","SUPPLIER-Xnh43+vsCvW97TLl0thktQ==","2","2","24380P1306; 24380P1204","viator-only","","0","Live on Viator; not configured in current FareHarbor inventory."
"Hearo","SUPPLIER-Sj1sctlH7YzV0CHa5DbQ4w==","1","1","371631P10","viator-only","","0","Live on Viator; not configured in current FareHarbor inventory."
"On The Go Transport, LLC","SUPPLIER-+3FsdbHAYISDdIc4TSQB/g==","2","2","164766P1; 164766P4","viator-only","","0","Live on Viator; not configured in current FareHarbor inventory."
"World City Trail","SUPPLIER-LdKkp5Hb2rwnc8VH+mkzNA==","1","1","178424P257","viator-only","","0","Live on Viator; not configured in current FareHarbor inventory."
"Load Up And Ride, LLC.","SUPPLIER-jr/OOCPubnd8iXQppcBW9A==","1","1","5680285P1","viator-only","","0","Live on Viator; not configured in current FareHarbor inventory."
"eatwith","SUPPLIER-ysx4JMe8cCGna40UNuyHWw==","2","2","75909P389; 75909P334","viator-only","","0","Live on Viator; not configured in current FareHarbor inventory."
"New Orleans Music & Heritage Tour","SUPPLIER-ISirTD3+nsmIjtbIvim4UQ==","2","2","18254P1; 18254P2","viator-only","","0","Live on Viator; not configured in current FareHarbor inventory."
"Nolastylezines  Tours","SUPPLIER-l6ICPxlUdaWfbuT477yJ/g==","1","1","441439P1","viator-only","","0","Live on Viator; not configured in current FareHarbor inventory."
"Local Liaison","SUPPLIER-h7gu13RSdyk6f/j7xqKGTA==","4","4","5693964P1; 5693964P7; 5693964P3; 5693964P4","viator-only","","0","Live on Viator; not configured in current FareHarbor inventory."
"Broad Street Cider","SUPPLIER-eKVyVQgorPvqACknE2HNMA==","1","1","417879P1","viator-only","","0","Live on Viator; not configured in current FareHarbor inventory."
"Old Alker Distillery","SUPPLIER-NrTNZF/lzKrJSXaIIMer8w==","2","2","5686399P3; 5686399P1","viator-only","","0","Live on Viator; not configured in current FareHarbor inventory."
"Laura Plantation","SUPPLIER-BS10huQBH91Bw2pqQdkXiw==","2","2","6649LAURA; 6649P5","viator-only","","0","Live on Viator; not configured in current FareHarbor inventory."
"Private Transport and Tour","SUPPLIER-VXAjK+lMJmEhC8f6204ObA==","3","3","187102P1; 187102P3; 187102P6","viator-only","","0","Live on Viator; not configured in current FareHarbor inventory."
"Henley's Private Tours - Guest say ""Best New Orleans Private Tour""","SUPPLIER-8UDPSvo7d4/t0Gt3eoqgZg==","1","1","166014P1","viator-only","","0","Live on Viator; not configured in current FareHarbor inventory."
"Livery Tours","SUPPLIER-O3LfORGHa/QxIbIsbqDNHQ==","1","1","17139P5","viator-only","","0","Live on Viator; not configured in current FareHarbor inventory."
"Chuffur","SUPPLIER-0Rlud/4J2aDvjdJELCL30g==","1","1","442803P1","viator-only","","0","Live on Viator; not configured in current FareHarbor inventory."
"Hex: Old World Witchery","SUPPLIER-CkUa2sT6838qa8XPkdwCgA==","1","1","487274P1","viator-only","","0","Live on Viator; not configured in current FareHarbor inventory."
"PACHA TOURS","SUPPLIER-ye1xBydyaaO/K8Y+32maOA==","1","1","256626P2","viator-only","","0","Live on Viator; not configured in current FareHarbor inventory."
"Yo-Yo Luxury Rides","SUPPLIER-Ybypet0DPSSmuIzuwyADvw==","2","2","415875P3; 415875P4","viator-only","","0","Live on Viator; not configured in current FareHarbor inventory."
"PROFI DRIVER","SUPPLIER-/mmbTtOyxt6xnnxJjzbrAw==","7","7","85439P1430; 85439P1431; 85439P1444; 85439P1496","viator-only","","0","Live on Viator; not configured in current FareHarbor inventory."
"Flytographer","SUPPLIER-ItQqzlxvIHK0M5WtAhe1vg==","1","1","103118P203","viator-only","","0","Live on Viator; not configured in current FareHarbor inventory."
"Travel Learn Laugh Tours","SUPPLIER-XNiWbhKL7Pkze1Mk7aE3HQ==","1","1","309297P1","viator-only","","0","Live on Viator; not configured in current FareHarbor inventory."
"Hard Rock Cafe USA","SUPPLIER-l+4rHEmHwiwk8i/kQhCGvw==","1","1","8870P16","viator-only","","0","Live on Viator; not configured in current FareHarbor inventory."
"Frank Perez","SUPPLIER-8D1N4RT7U+boTIr9Wytzig==","1","1","114962P1","viator-only","","0","Live on Viator; not configured in current FareHarbor inventory."
"Leanne Sarco","SUPPLIER-q1X2u3kM9z2BDB+9TbOPkg==","5","5","226361P2; 226361P5; 226361P3; 226361P1","viator-only","","0","Live on Viator; not configured in current FareHarbor inventory."
"Fashart Photowalk","SUPPLIER-+lF0H46STcXcsoKvDu7GPg==","1","1","353768P1","viator-only","","0","Live on Viator; not configured in current FareHarbor inventory."
"taxiGo DMC","SUPPLIER-CDeyWQR0UApl5sIySSGtFg==","4","4","320728P1538; 320728P1537; 320728P1536; 320728P1535","viator-only","","0","Live on Viator; not configured in current FareHarbor inventory."
"Revelry Tours of New Orleans","SUPPLIER-UKCYKeyFTBGLjfLdyb8AeA==","4","4","331299P3; 331299P7; 331299P5; 331299P6","viator-only","","0","Live on Viator; not configured in current FareHarbor inventory."
"Opatrip.com US LLC – Local Tours in USA","SUPPLIER-zFqQRHouJq396xdYH4usBg==","12","12","209615P299; 209615P332; 209615P103; 209615P54","viator-only","","0","Live on Viator; not configured in current FareHarbor inventory."
"Tours By Marguerite","SUPPLIER-JQdQivwDVQZZdkd/wOn5iQ==","4","4","173182P1; 173182P4; 173182P3; 173182P5","viator-only","","0","Live on Viator; not configured in current FareHarbor inventory."
"Let's Roam","SUPPLIER-AscZDGexc3QU8Ua2JLXVCw==","4","4","104204P191; 104204P239; 104204P876; 104204P327","viator-only","","0","Live on Viator; not configured in current FareHarbor inventory."
"Welcome Walks USA","SUPPLIER-MBPfMKA1ydV1PvCoD4VoeA==","2","2","122229P10; 122229P9","viator-only","","0","Live on Viator; not configured in current FareHarbor inventory."
"The Real:  New Orleans","SUPPLIER-zP0NgkwguwFthL6SKl8yRw==","6","6","5594004P1; 5594004P3; 5594004P7; 5594004P6","viator-only","","0","Live on Viator; not configured in current FareHarbor inventory."
"The Chiefton Group","SUPPLIER-Q9zuSD1SLH3pe2cjtakhuQ==","3","3","45557P134; 45557P187; 45557P200","viator-only","","0","Live on Viator; not configured in current FareHarbor inventory."
"Wow Tours of  New Orleans","SUPPLIER-wqX/u4iaSUToPhqdU01hmg==","1","1","180453P3","viator-only","","0","Live on Viator; not configured in current FareHarbor inventory."
"Dew Drop Inn","SUPPLIER-foTjALIcq8jm+nxNR9SU5g==","1","1","484851P1","viator-only","","0","Live on Viator; not configured in current FareHarbor inventory."
"Dok Lazlo","SUPPLIER-KHkKkD7umwbLusyjPRGmRA==","1","1","362704P3","viator-only","","0","Live on Viator; not configured in current FareHarbor inventory."
"Escapely","SUPPLIER-7K0D9dBJNdvCte1ZhgiNVg==","1","1","430198P38","viator-only","","0","Live on Viator; not configured in current FareHarbor inventory."
"Travel with Action (Action Tour Guide)","SUPPLIER-5XAHM1DAe31SwxrcvcZacg==","1","1","267535P38","viator-only","","0","Live on Viator; not configured in current FareHarbor inventory."
"Urban Adventure Quest","SUPPLIER-uOjU7dK3ysDh1qHjSs3JRA==","1","1","10211P19","viator-only","","0","Live on Viator; not configured in current FareHarbor inventory."
"BK Historic House and Gardens","SUPPLIER-uyxxFsi99xGennqLmvVEFw==","1","1","225558P4","viator-only","","0","Live on Viator; not configured in current FareHarbor inventory."
"Creative Soul Scavenger Hunts","SUPPLIER-qiC3r08u1hKkvI0RA5Vy+g==","1","1","142405P35","viator-only","","0","Live on Viator; not configured in current FareHarbor inventory."
"Crazy Dash Digital Adventures","SUPPLIER-f3hsww7/kGI75DN/M7kW4g==","1","1","142771P182","viator-only","","0","Live on Viator; not configured in current FareHarbor inventory."
"Stasher","SUPPLIER-6kfncoCIq7DSifiupVV+IA==","1","1","119370P456","viator-only","","0","Live on Viator; not configured in current FareHarbor inventory."
"Alley Kat Adventures","SUPPLIER-UYU9nAJa0629qIox8rvQUQ==","1","1","200006P10","viator-only","","0","Live on Viator; not configured in current FareHarbor inventory."
"Ghost Tour Fun","SUPPLIER-ei5GdeXQgdr3wvAmTL6k+A==","3","3","469510P3; 469510P40; 469510P23","viator-only","","0","Live on Viator; not configured in current FareHarbor inventory."
"Solve A Mystery","SUPPLIER-os3ImQAtS3qstYbrEeXysw==","1","1","250720P29","viator-only","","0","Live on Viator; not configured in current FareHarbor inventory."
"Pintours","SUPPLIER-oFWtorRkF1lM0ykIi95S4A==","1","1","304471P124","viator-only","","0","Live on Viator; not configured in current FareHarbor inventory."
"Ciceru","SUPPLIER-u3D1S3IdhmIj8xMQm4bysg==","1","1","5530694P109","viator-only","","0","Live on Viator; not configured in current FareHarbor inventory."
"Authentic City New Orleans","SUPPLIER-2C2fjSqfiOLRtf4zKSTKEQ==","3","3","5603135P3; 5603135P7; 5603135P2","viator-only","","0","Live on Viator; not configured in current FareHarbor inventory."
"Citywalksz Ltd","SUPPLIER-1wPpf3IF0RWWsMFKBmMkRA==","1","1","30114P54","viator-only","","0","Live on Viator; not configured in current FareHarbor inventory."
"Royal Walking Tours","SUPPLIER-2WKwH4KnOacgp2zLe3Ziag==","1","1","5607481P3","viator-only","","0","Live on Viator; not configured in current FareHarbor inventory."
"Lokafy Inc.","SUPPLIER-ucovRxuKBdlkwSiOleW9iQ==","1","1","76036P18","viator-only","","0","Live on Viator; not configured in current FareHarbor inventory."
"CloudGuide S.L","SUPPLIER-6MouRbvY+uVx+3+SXJagmg==","1","1","5520738P140","viator-only","","0","Live on Viator; not configured in current FareHarbor inventory."
"The Historic New Orleans Collection","SUPPLIER-5Zq/FLsgk524QUKz4PRhKA==","1","1","5588707P1","viator-only","","0","Live on Viator; not configured in current FareHarbor inventory."
"Zombie Scavengers Hunts","SUPPLIER-DgtKKXtscGxpUqaT2O1OlQ==","1","1","137238P91","viator-only","","0","Live on Viator; not configured in current FareHarbor inventory."
"Tour Travel & More","SUPPLIER-2ovdE+BivyWNtWfdZiwIJQ==","2","2","8647P559; 8647P574","viator-only","","0","Live on Viator; not configured in current FareHarbor inventory."
"The Photo Experiences","SUPPLIER-XdO3JvPmffOrK4pE5ia6Qw==","1","1","147508P3","viator-only","","0","Live on Viator; not configured in current FareHarbor inventory."
"OddballTrip","SUPPLIER-qqTRWcQjl/mXzR2RX6nknQ==","1","1","5656903P14","viator-only","","0","Live on Viator; not configured in current FareHarbor inventory."
"Travel and Abroad Holiday Experiences","SUPPLIER-PvpnXFiA3G0rAGqH77r0jA==","1","1","172188P38","viator-only","","0","Live on Viator; not configured in current FareHarbor inventory."
"New Orleans Photo Concierge","SUPPLIER-hw6MgarBRlvr/1e0MIOScA==","1","1","5583985P3","viator-only","","0","Live on Viator; not configured in current FareHarbor inventory."
"3Quest Challenge","SUPPLIER-TCXb15TBFx6HSFMcCEUl5Q==","1","1","134689P285","viator-only","","0","Live on Viator; not configured in current FareHarbor inventory."
"AFK Food Tours","SUPPLIER-kvOrJCgTVmL8AZBn1+xmoA==","1","1","335993P4","viator-only","","0","Live on Viator; not configured in current FareHarbor inventory."
"THE ICONS MUSEUM","SUPPLIER-Xxd2uii4rjvPGvohz66Cng==","1","1","183584P1","viator-only","","0","Live on Viator; not configured in current FareHarbor inventory."
"taxiGo Limo Airport Service","SUPPLIER-7x5WE21jDa5c9d+0m+x9mw==","4","4","350808P1865; 350808P1866; 350808P1864; 350808P2979","viator-only","","0","Live on Viator; not configured in current FareHarbor inventory."
"Riculfy Livery LLC","SUPPLIER-uKzPR8zy3WGzBpiuGJtbCA==","3","3","351393P3; 351393P1; 351393P2","viator-only","","0","Live on Viator; not configured in current FareHarbor inventory."
"Welcome Pickups","SUPPLIER-T0BHbIpKsxnL5K5DLELMrQ==","2","2","117866P603; 117866P605","viator-only","","0","Live on Viator; not configured in current FareHarbor inventory."
"Welcome to the Swamp","SUPPLIER-CNNwSBiF2hROllbNHYRSow==","1","1","5678475P1","viator-only","","0","Live on Viator; not configured in current FareHarbor inventory."
"Holly Jolly Hunt - Holiday Scavenger Hunt","SUPPLIER-yeHxKPdOavxNLBnbmoXBzg==","1","1","211112P286","viator-only","","0","Live on Viator; not configured in current FareHarbor inventory."
"Tree Frogs Park","SUPPLIER-qAJJIKQ1w8y6lhKFB54Hpw==","1","1","5681145P1","viator-only","","0","Live on Viator; not configured in current FareHarbor inventory."
"Leplace - interactive self-guided app tours","SUPPLIER-y3CaW+Y7OvYOylyPqbukMw==","1","1","400705P108","viator-only","","0","Live on Viator; not configured in current FareHarbor inventory."
"Unknown Supplier","SUPPLIER-ldKHKawV4gBl1XJLS6yUDA==","1","1","5497162P2","viator-only","","0","Live on Viator; not configured in current FareHarbor inventory."
"Mardi Gras Mambo Tours","SUPPLIER-PueFWbE1h39p0BVxNBU5Tg==","1","1","213843P2","viator-only","","0","Live on Viator; not configured in current FareHarbor inventory."
"Regal Chauffeur","SUPPLIER-rs3lMZiYg9zZOl6YTjsI4A==","1","1","5621732P3","viator-only","","0","Live on Viator; not configured in current FareHarbor inventory."
"Chef Tiger Creole Dining Experience with Pool","SUPPLIER-8QGC392uctK9AJt0k+oOVA==","1","1","408323P1","viator-only","","0","Live on Viator; not configured in current FareHarbor inventory."
"Tour with Kids","SUPPLIER-dTNo0qFN4DhrpTSyphfo/w==","1","1","108989P52","viator-only","","0","Live on Viator; not configured in current FareHarbor inventory."
"His-STORY of New Orleans","SUPPLIER-l3BbXK+Dlg5ENaisGKjVZg==","1","1","5611273P2","viator-only","","0","Live on Viator; not configured in current FareHarbor inventory."
"STQRY","SUPPLIER-XUbX8/6G2m3At1fklOEsCg==","1","1","5605153P14","viator-only","","0","Live on Viator; not configured in current FareHarbor inventory."
"Premiere Experience Tours","SUPPLIER-5oxr/pheUHOzfub2x7SSlA==","1","1","431386P2","viator-only","","0","Live on Viator; not configured in current FareHarbor inventory."
"Krewe of Red Beans","SUPPLIER-9BZwxtT1vr7MdDktdKNphg==","1","1","467515P1","viator-only","","0","Live on Viator; not configured in current FareHarbor inventory."
"Crescent City Coach","SUPPLIER-aCsNzG0zeE6RTuropH7SLA==","1","1","5618507P2","viator-only","","0","Live on Viator; not configured in current FareHarbor inventory."
"Storyville Tour Company, LLC","SUPPLIER-SzL3suz9Z+mYeKDDvDDclw==","1","1","42633P2","viator-only","","0","Live on Viator; not configured in current FareHarbor inventory."
"Puzzling Adventures","SUPPLIER-P8kTIkGIwZwDP2PgnWqGBg==","1","1","35947P416","viator-only","","0","Live on Viator; not configured in current FareHarbor inventory."
"DTours","SUPPLIER-RLovDrzoBTKhefkCgAPvpw==","1","1","36900P47","viator-only","","0","Live on Viator; not configured in current FareHarbor inventory."
"T&A Private Transportation New Orleans Limousine & Shuttle","SUPPLIER-RKH0XDJL9I6HMjrQ12ejKQ==","1","1","347147P1","viator-only","","0","Live on Viator; not configured in current FareHarbor inventory."